"ESTSIM";"_65";"_66";"_67";"_68";"_69";"_70";"_71";"_72";"_73";"_74";"_75";"_76";"_77";"_78";"_79";"_80";"_81";"_82";"_83";"_84";"_85";"_86";"_87";"_88";"_89";"_90";"_97";"_98";"_99";"_100";"_101";"_102";"_103";"_104";"_105";"_106";"_107";"_108";"_109";"_110";"_111";"_112";"_113";"_114";"_115";"_116";"_117";"_118";"_119";"_120";"_121";"_122";"_48";"_49";"_50";"_51";"_52";"_53";"_54";"_55";"_56";"_57";"_43";"_45";"_47";"_42";"_60";"_62";"_95";"_40";"_41";"_123";"_125";"_91";"_93";"_58";"_46";"_61";"_39";"_34";"_44";"_32";"_124";"_94";"FDC";"CAT"
0;1;92;103;4;9;12;92;92;92;92;18;25;32;35;38;41;92;46;59;92;92;66;92;92;92;92;1;92;103;4;9;12;92;92;92;92;18;25;32;35;38;41;92;46;59;92;92;66;92;92;92;92;71;71;71;71;71;71;71;71;71;71;70;74;76;75;95;94;77;94;95;96;97;98;99;79;100;89;85;83;101;102;90;88;"Error";"FAIL"
1;92;92;92;92;92;92;92;92;92;92;92;2;92;92;92;92;92;92;92;92;92;92;92;92;92;92;92;92;92;92;92;92;92;92;92;92;92;2;92;92;92;92;92;92;92;92;92;92;92;92;92;92;92;92;92;92;92;92;92;92;92;92;92;92;92;92;92;92;92;92;92;92;92;92;92;92;92;92;92;92;92;92;92;92;"Error";"FAIL"
2;92;92;92;92;92;92;92;92;3;92;92;92;92;92;92;92;92;92;92;92;92;92;92;92;92;92;92;92;92;92;92;92;92;92;3;92;92;92;92;92;92;92;92;92;92;92;92;92;92;92;92;92;92;92;92;92;92;92;92;92;92;92;92;92;92;92;92;92;92;92;92;92;92;92;92;92;92;92;92;92;92;92;92;92;"Error";"FAIL"
3;92;92;92;92;92;92;92;92;92;92;92;92;92;92;92;92;92;92;92;92;92;92;92;92;92;92;92;92;92;92;92;92;92;92;92;92;92;92;92;92;92;92;92;92;92;92;92;92;92;92;92;92;92;92;92;92;92;92;92;92;92;92;92;92;92;92;92;92;92;92;92;92;92;92;92;92;92;92;92;92;92;92;92;92;"Palabra Reservada ALI";"PR01"
4;5;92;92;92;92;92;92;92;92;92;92;92;92;92;92;92;92;92;92;92;7;92;92;92;92;92;5;92;92;92;92;92;92;92;92;92;92;92;92;92;92;92;92;92;92;92;7;92;92;92;92;92;92;92;92;92;92;92;92;92;92;92;92;92;92;92;92;92;92;92;92;92;92;92;92;92;92;92;92;92;92;92;92;92;"Error";"FAIL"
5;92;92;92;92;92;92;92;92;92;92;92;92;92;92;92;92;92;6;92;92;92;92;92;92;92;92;92;92;92;92;92;92;92;92;92;92;92;92;92;92;92;92;92;6;92;92;92;92;92;92;92;92;92;92;92;92;92;92;92;92;92;92;92;92;92;92;92;92;92;92;92;92;92;92;92;92;92;92;92;92;92;92;92;92;"Error";"FAIL"
6;92;92;92;92;92;92;92;92;92;92;92;92;92;92;92;92;92;92;92;92;92;92;92;92;92;92;92;92;92;92;92;92;92;92;92;92;92;92;92;92;92;92;92;92;92;92;92;92;92;92;92;92;92;92;92;92;92;92;92;92;92;92;92;92;92;92;92;92;92;92;92;92;92;92;92;92;92;92;92;92;92;92;92;92;"Palabra Reservada DAR";"PR02"
7;92;92;92;92;92;92;92;92;92;92;92;92;8;92;92;92;92;92;92;92;92;92;92;92;92;92;92;92;92;92;92;92;92;92;92;92;92;92;8;92;92;92;92;92;92;92;92;92;92;92;92;92;92;92;92;92;92;92;92;92;92;92;92;92;92;92;92;92;92;92;92;92;92;92;92;92;92;92;92;92;92;92;92;92;"Error";"FAIL"
8;92;92;92;92;92;92;92;92;92;92;92;92;92;92;92;92;92;92;92;92;92;92;92;92;92;92;92;92;92;92;92;92;92;92;92;92;92;92;92;92;92;92;92;92;92;92;92;92;92;92;92;92;92;92;92;92;92;92;92;92;92;92;92;92;92;92;92;92;92;92;92;92;92;92;92;92;92;92;92;92;92;92;92;92;"Palabra Reservada DUM";"PR03"
9;92;92;92;92;92;92;92;92;92;92;92;92;92;10;92;92;92;92;92;92;92;92;92;92;92;92;92;92;92;92;92;92;92;92;92;92;92;92;92;10;92;92;92;92;92;92;92;92;92;92;92;92;92;92;92;92;92;92;92;92;92;92;92;92;92;92;92;92;92;92;92;92;92;92;92;92;92;92;92;92;92;92;92;92;"Error";"FAIL"
10;92;92;92;92;92;92;92;92;92;92;92;92;92;92;92;92;92;92;92;11;92;92;92;92;92;92;92;92;92;92;92;92;92;92;92;92;92;92;92;92;92;92;92;92;92;11;92;92;92;92;92;92;92;92;92;92;92;92;92;92;92;92;92;92;92;92;92;92;92;92;92;92;92;92;92;92;92;92;92;92;92;92;92;92;"Error";"FAIL"
11;92;92;92;92;92;92;92;92;92;92;92;92;92;92;92;92;92;92;92;92;92;92;92;92;92;92;92;92;92;92;92;92;92;92;92;92;92;92;92;92;92;92;92;92;92;92;92;92;92;92;92;92;92;92;92;92;92;92;92;92;92;92;92;92;92;92;92;92;92;92;92;92;92;92;92;92;92;92;92;92;92;92;92;92;"Palabra Reservada ENT";"PR04"
12;13;92;92;92;92;92;92;92;92;92;92;92;92;92;92;92;92;92;92;92;92;92;92;92;92;92;13;92;92;92;92;92;92;92;92;92;92;92;92;92;92;92;92;92;92;92;92;92;92;92;92;92;92;92;92;92;92;92;92;92;92;92;92;92;92;92;92;92;92;92;92;92;92;92;92;92;92;92;92;92;92;92;92;92;"Error";"FAIL"
13;92;92;92;92;92;92;92;92;92;92;92;14;92;92;92;92;92;17;92;92;92;92;92;92;92;92;92;92;92;92;92;92;92;92;92;92;92;14;92;92;92;92;92;17;92;92;92;92;92;92;92;92;92;92;92;92;92;92;92;92;92;92;92;92;92;92;92;92;92;92;92;92;92;92;92;92;92;92;92;92;92;92;92;92;"Error";"FAIL"
14;92;92;92;92;92;92;92;92;92;92;92;92;92;92;92;92;92;92;15;92;92;92;92;92;92;92;92;92;92;92;92;92;92;92;92;92;92;92;92;92;92;92;92;92;15;92;92;92;92;92;92;92;92;92;92;92;92;92;92;92;92;92;92;92;92;92;92;92;92;92;92;92;92;92;92;92;92;92;92;92;92;92;92;92;"Error";"FAIL"
15;16;92;92;92;92;92;92;92;92;92;92;92;92;92;92;92;92;92;92;92;92;92;92;92;92;92;16;92;92;92;92;92;92;92;92;92;92;92;92;92;92;92;92;92;92;92;92;92;92;92;92;92;92;92;92;92;92;92;92;92;92;92;92;92;92;92;92;92;92;92;92;92;92;92;92;92;92;92;92;92;92;92;92;92;"Error";"FAIL"
16;92;92;92;92;92;92;92;92;92;92;92;92;92;92;92;92;92;92;92;92;92;92;92;92;92;92;92;92;92;92;92;92;92;92;92;92;92;92;92;92;92;92;92;92;92;92;92;92;92;92;92;92;92;92;92;92;92;92;92;92;92;92;92;92;92;92;92;92;92;92;92;92;92;92;92;92;92;92;92;92;92;92;92;92;"Palabra Reservada Falsa";"PR05"
17;92;92;92;92;92;92;92;92;92;92;92;92;92;92;92;92;92;92;92;92;92;92;92;92;92;92;92;92;92;92;92;92;92;92;92;92;92;92;92;92;92;92;92;92;92;92;92;92;92;92;92;92;92;92;92;92;92;92;92;92;92;92;92;92;92;92;92;92;92;92;92;92;92;92;92;92;92;92;92;92;92;92;92;92;"Palabra reservada Far";"PR06"
18;19;92;92;92;92;92;92;92;92;92;92;23;92;92;92;92;92;92;92;92;92;92;92;92;92;92;19;92;92;92;92;92;92;92;92;92;92;23;92;92;92;92;92;92;92;92;92;92;92;92;92;92;92;92;92;92;92;92;92;92;92;92;92;92;92;92;92;92;92;92;92;92;92;92;92;92;92;92;92;92;92;92;92;92;"Error";"FAIL"
19;92;92;92;92;92;92;92;92;92;92;92;92;92;92;92;22;92;20;92;92;92;92;92;92;92;21;92;92;92;92;92;92;92;92;92;92;92;92;92;92;92;22;92;20;92;92;92;92;92;92;92;21;92;92;92;92;92;92;92;92;92;92;92;92;92;92;92;92;92;92;92;92;92;92;92;92;92;92;92;92;92;92;92;92;"Error";"FAIL"
20;92;92;92;92;92;92;92;92;92;92;92;92;92;92;92;92;92;92;92;92;92;92;92;92;92;92;92;92;92;92;92;92;92;92;92;92;92;92;92;92;92;92;92;92;92;92;92;92;92;92;92;92;92;92;92;92;92;92;92;92;92;92;92;92;92;92;92;92;92;92;92;92;92;92;92;92;92;92;92;92;92;92;92;92;"Palabra Reservada Kar ";"PR07"
21;92;92;92;92;92;92;92;92;92;92;92;92;92;92;92;92;92;92;92;92;92;92;92;92;92;92;92;92;92;92;92;92;92;92;92;92;92;92;92;92;92;92;92;92;92;92;92;92;92;92;92;92;92;92;92;92;92;92;92;92;92;92;92;92;92;92;92;92;92;92;92;92;92;92;92;92;92;92;92;92;92;92;92;92;"Palabra Reservada kaz";"PR08"
22;92;92;92;92;92;92;92;92;92;92;92;92;92;92;92;92;92;92;92;92;92;92;92;92;92;92;92;92;92;92;92;92;92;92;92;92;92;92;92;92;92;92;92;92;92;92;92;92;92;92;92;92;92;92;92;92;92;92;92;92;92;92;92;92;92;92;92;92;92;92;92;92;92;92;92;92;92;92;92;92;92;92;92;92;"Palabra Reservada Kap";"PR09"
23;24;92;92;92;92;92;92;92;92;92;92;92;92;92;92;92;92;92;92;92;92;92;92;92;92;92;24;92;92;92;92;92;92;92;92;92;92;92;92;92;92;92;92;92;92;92;92;92;92;92;92;92;92;92;92;92;92;92;92;92;92;92;92;92;92;92;92;92;92;92;92;92;92;92;92;92;92;92;92;92;92;92;92;92;"Error";"FAIL"
24;92;92;92;92;92;92;92;92;92;92;92;92;92;92;92;92;92;92;92;92;92;92;92;92;92;92;92;92;92;92;92;92;92;92;92;92;92;92;92;92;92;92;92;92;92;92;92;92;92;92;92;92;92;92;92;92;92;92;92;92;92;92;92;92;92;92;92;92;92;92;92;92;92;92;92;92;92;92;92;92;92;92;92;92;"Palabra Reservada KLA";"PR10"
25;30;92;92;92;28;92;92;92;92;92;92;92;92;31;26;92;92;92;92;92;92;92;92;92;92;92;30;92;92;92;28;92;92;92;92;92;92;92;92;31;26;92;92;92;92;92;92;92;92;92;92;92;92;92;92;92;92;92;92;92;92;92;92;92;92;92;92;92;92;92;92;92;92;92;92;92;92;92;92;92;92;92;92;92;"Error";"FAIL"
26;92;92;92;92;92;92;27;92;92;92;92;92;92;92;92;92;92;92;92;92;92;92;92;92;92;92;92;92;92;92;92;92;27;92;92;92;92;92;92;92;92;92;92;92;92;92;92;92;92;92;92;92;92;92;92;92;92;92;92;92;92;92;92;92;92;92;92;92;92;92;92;92;92;92;92;92;92;92;92;92;92;92;92;92;"Operador Logico LO";"OPLO"
27;92;92;92;92;92;92;92;92;92;92;92;92;92;92;92;92;92;92;92;92;92;92;92;92;92;92;92;92;92;92;92;92;92;92;92;92;92;92;92;92;92;92;92;92;92;92;92;92;92;92;92;92;92;92;92;92;92;92;92;92;92;92;92;92;92;92;92;92;92;92;92;92;92;92;92;92;92;92;92;92;92;92;92;92;"Palabra Reservada Log";"PR11"
28;92;92;92;92;92;92;29;92;92;92;92;92;92;92;92;92;92;92;92;92;92;92;92;92;92;92;92;92;92;92;92;92;29;92;92;92;92;92;92;92;92;92;92;92;92;92;92;92;92;92;92;92;92;92;92;92;92;92;92;92;92;92;92;92;92;92;92;92;92;92;92;92;92;92;92;92;92;92;92;92;92;92;92;92;"Error";"FAIL"
29;92;92;92;92;92;92;92;92;92;92;92;92;92;92;92;92;92;92;92;92;92;92;92;92;92;92;92;92;92;92;92;92;92;92;92;92;92;92;92;92;92;92;92;92;92;92;92;92;92;92;92;92;92;92;92;92;92;92;92;92;92;92;92;92;92;92;92;92;92;92;92;92;92;92;92;92;92;92;92;92;92;92;92;92;"Palabra Reservada LEG";"PR12"
30;92;92;92;92;92;92;92;92;92;92;92;92;92;92;92;92;92;92;92;92;92;92;92;92;92;92;92;92;92;92;92;92;92;92;92;92;92;92;92;92;92;92;92;92;92;92;92;92;92;92;92;92;92;92;92;92;92;92;92;92;92;92;92;92;92;92;92;92;92;92;92;92;92;92;92;92;92;92;92;92;92;92;92;92;"Operador Logico LA";"OPLA"
31;92;92;92;92;92;92;92;92;92;92;92;92;92;92;92;92;92;92;92;92;92;92;92;92;92;92;92;92;92;92;92;92;92;92;92;92;92;92;92;92;92;92;92;92;92;92;92;92;92;92;92;92;92;92;92;92;92;92;92;92;92;92;92;92;92;92;92;92;92;92;92;92;92;92;92;92;92;92;92;92;92;92;92;92;"Operador Logico LN";"OPLN"
32;33;92;92;92;92;92;92;92;92;92;92;114;92;92;92;92;92;92;92;92;92;92;92;92;92;92;33;92;92;92;92;92;92;92;92;92;92;114;92;92;92;92;92;92;92;92;92;92;92;92;92;92;92;92;92;92;92;92;92;92;92;92;92;92;92;92;92;92;92;92;92;92;92;92;92;92;92;92;92;92;92;92;92;92;"Error";"FAIL"
33;92;92;92;92;92;92;92;92;92;92;92;92;92;92;92;92;92;92;92;34;92;92;92;92;92;92;92;92;92;92;92;92;92;92;92;92;92;92;92;92;92;92;92;92;92;34;92;92;92;92;92;92;92;92;92;92;92;92;92;92;92;92;92;92;92;92;92;92;92;92;92;92;92;92;92;92;92;92;92;92;92;92;92;92;"Error";"FAIL"
34;92;92;92;92;92;92;92;92;92;92;92;92;92;92;92;92;92;92;92;92;92;92;92;92;92;92;92;92;92;92;92;92;92;92;92;92;92;92;92;92;92;92;92;92;92;92;92;92;92;92;92;92;92;92;92;92;92;92;92;92;92;92;92;92;92;92;92;92;92;92;92;92;92;92;92;92;92;92;92;92;92;92;92;92;"Palabra Reservada MAT";"PR13"
35;92;92;92;92;92;92;92;92;92;92;92;92;92;92;36;92;92;92;92;92;92;92;92;92;92;92;92;92;92;92;92;92;92;92;92;92;92;92;92;92;36;92;92;92;92;92;92;92;92;92;92;92;92;92;92;92;92;92;92;92;92;92;92;92;92;92;92;92;92;92;92;92;92;92;92;92;92;92;92;92;92;92;92;92;"Error";"FAIL"
36;92;92;92;92;92;92;92;92;92;92;92;92;92;92;92;92;92;92;92;92;92;37;92;92;92;92;92;92;92;92;92;92;92;92;92;92;92;92;92;92;92;92;92;92;92;92;92;37;92;92;92;92;92;92;92;92;92;92;92;92;92;92;92;92;92;92;92;92;92;92;92;92;92;92;92;92;92;92;92;92;92;92;92;92;"Error";"FAIL"
37;92;92;92;92;92;92;92;92;92;92;92;92;92;92;92;92;92;92;92;92;92;92;92;92;92;92;92;92;92;92;92;92;92;92;92;92;92;92;92;92;92;92;92;92;92;92;92;92;92;92;92;92;92;92;92;92;92;92;92;92;92;92;92;92;92;92;92;92;92;92;92;92;92;92;92;92;92;92;92;92;92;92;92;92;"Palabra Reservada NOV";"PR14"
38;92;39;92;92;92;92;92;92;92;92;92;92;92;92;92;92;92;92;92;92;92;92;92;92;92;92;92;39;92;92;92;92;92;92;92;92;92;92;92;92;92;92;92;92;92;92;92;92;92;92;92;92;92;92;92;92;92;92;92;92;92;92;92;92;92;92;92;92;92;92;92;92;92;92;92;92;92;92;92;92;92;92;92;92;"Error";"FAIL"
39;92;92;92;92;92;92;92;92;92;40;92;92;92;92;92;92;92;92;92;92;92;92;92;92;92;92;92;92;92;92;92;92;92;92;92;40;92;92;92;92;92;92;92;92;92;92;92;92;92;92;92;92;92;92;92;92;92;92;92;92;92;92;92;92;92;92;92;92;92;92;92;92;92;92;92;92;92;92;92;92;92;92;92;92;"Error";"FAIL"
40;92;92;92;92;92;92;92;92;92;92;92;92;92;92;92;92;92;92;92;92;92;92;92;92;92;92;92;92;92;92;92;92;92;92;92;92;92;92;92;92;92;92;92;92;92;92;92;92;92;92;92;92;92;92;92;92;92;92;92;92;92;92;92;92;92;92;92;92;92;92;92;92;92;92;92;92;92;92;92;92;92;92;92;92;"Palabra Reservada OBJ";"PR15"
41;92;92;92;92;92;92;92;92;92;92;92;92;92;92;42;92;92;44;92;92;92;92;92;92;92;92;92;92;92;92;92;92;92;92;92;92;92;92;92;92;42;92;92;44;92;92;92;92;92;92;92;92;92;92;92;92;92;92;92;92;92;92;92;92;92;92;92;92;92;92;92;92;92;92;92;92;92;92;92;92;92;92;92;92;"Error";"FAIL"
42;92;92;92;92;92;92;92;92;92;92;92;92;92;92;92;92;92;43;92;92;92;92;92;92;92;92;92;92;92;92;92;92;92;92;92;92;92;92;92;92;92;92;92;43;92;92;92;92;92;92;92;92;92;92;92;92;92;92;92;92;92;92;92;92;92;92;92;92;92;92;92;92;92;92;92;92;92;92;92;92;92;92;92;92;"Error";"FAIL"
43;92;92;92;92;92;92;92;92;92;92;92;92;92;92;92;92;92;92;92;92;92;92;92;92;92;92;92;92;92;92;92;92;92;92;92;92;92;92;92;92;92;92;92;92;92;92;92;92;92;92;92;92;92;92;92;92;92;92;92;92;92;92;92;92;92;92;92;92;92;92;92;92;92;92;92;92;92;92;92;92;92;92;92;92;"Palabra Reservada POR";"PR16"
44;92;92;92;92;92;92;92;92;92;92;92;92;92;92;92;92;92;92;92;92;92;92;92;45;92;92;92;92;92;92;92;92;92;92;92;92;92;92;92;92;92;92;92;92;92;92;92;92;92;45;92;92;92;92;92;92;92;92;92;92;92;92;92;92;92;92;92;92;92;92;92;92;92;92;92;92;92;92;92;92;92;92;92;92;"Error";"FAIL"
45;92;92;92;92;92;92;92;92;92;92;92;92;92;92;92;92;92;92;92;92;92;92;92;92;92;92;92;92;92;92;92;92;92;92;92;92;92;92;92;92;92;92;92;92;92;92;92;92;92;92;92;92;92;92;92;92;92;92;92;92;92;92;92;92;92;92;92;92;92;92;92;92;92;92;92;92;92;92;92;92;92;92;92;92;"Palabra Reservada PRX";"PR17"
46;92;92;92;55;47;92;92;92;56;92;92;92;92;92;50;92;92;92;52;92;92;92;92;92;92;92;92;92;92;55;47;92;92;92;56;92;92;92;92;92;50;92;92;92;52;92;92;92;92;92;92;92;92;92;92;92;92;92;92;92;92;92;92;92;92;92;92;92;92;92;92;92;92;92;92;92;92;92;92;92;92;92;92;92;"Error";"FAIL"
47;48;92;92;92;92;92;92;92;92;92;92;92;92;92;92;92;92;92;92;92;92;49;92;92;92;92;48;92;92;92;92;92;92;92;92;92;92;92;92;92;92;92;92;92;92;92;92;49;92;92;92;92;92;92;92;92;92;92;92;92;92;92;92;92;92;92;92;92;92;92;92;92;92;92;92;92;92;92;92;92;92;92;92;92;"Error";"FAIL"
48;92;92;92;92;92;92;92;92;92;92;92;92;92;92;92;92;92;92;92;92;92;92;92;92;92;92;92;92;92;92;92;92;92;92;92;92;92;92;92;92;92;92;92;92;92;92;92;92;92;92;92;92;92;92;92;92;92;92;92;92;92;92;92;92;92;92;92;92;92;92;92;92;92;92;92;92;92;92;92;92;92;92;92;92;"Palabra Reservada REA";"PR18"
49;92;92;92;92;92;92;92;92;92;92;92;92;92;92;92;92;92;92;92;92;92;92;92;92;92;92;92;92;92;92;92;92;92;92;92;92;92;92;92;92;92;92;92;92;92;92;92;92;92;92;92;92;92;92;92;92;92;92;92;92;92;92;92;92;92;92;92;92;92;92;92;92;92;92;92;92;92;92;92;92;92;92;92;92;"Palabra Reservada REV";"PR19"
50;92;92;92;92;92;92;92;92;92;92;92;92;51;92;92;92;92;92;92;92;92;92;92;92;92;92;92;92;92;92;92;92;92;92;92;92;92;92;51;92;92;92;92;92;92;92;92;92;92;92;92;92;92;92;92;92;92;92;92;92;92;92;92;92;92;92;92;92;92;92;92;92;92;92;92;92;92;92;92;92;92;92;92;92;"Error";"FAIL"
51;92;92;92;92;92;92;92;92;92;92;92;92;92;92;92;92;92;92;92;92;92;92;92;92;92;92;92;92;92;92;92;92;92;92;92;92;92;92;92;92;92;92;92;92;92;92;92;92;92;92;92;92;92;92;92;92;92;92;92;92;92;92;92;92;92;92;92;92;92;92;92;92;92;92;92;92;92;92;92;92;92;92;92;92;"Palabra Reservada ROM";"PR20"
52;92;92;92;92;92;92;92;92;54;92;92;92;92;92;92;92;53;92;92;92;92;92;92;92;92;92;92;92;92;92;92;92;92;92;54;92;92;92;92;92;92;92;53;92;92;92;92;92;92;92;92;92;92;92;92;92;92;92;92;92;92;92;92;92;92;92;92;92;92;92;92;92;92;92;92;92;92;92;92;92;92;92;92;92;"Error";"FAIL"
53;92;92;92;92;92;92;92;92;92;92;92;92;92;92;92;92;92;92;92;92;92;92;92;92;92;92;92;92;92;92;92;92;92;92;92;92;92;92;92;92;92;92;92;92;92;92;92;92;92;92;92;92;92;92;92;92;92;92;92;92;92;92;92;92;92;92;92;92;92;92;92;92;92;92;92;92;92;92;92;92;92;92;92;92;"Operador Relacional RSQ";"OPR1"
54;92;92;92;92;92;92;92;92;92;92;92;92;92;92;92;92;92;92;92;92;92;92;92;92;92;92;92;92;92;92;92;92;92;92;92;92;92;92;92;92;92;92;92;92;92;92;92;92;92;92;92;92;92;92;92;92;92;92;92;92;92;92;92;92;92;92;92;92;92;92;92;92;92;92;92;92;92;92;92;92;92;92;92;92;"Operador Relacional RSI";"OPR2"
55;92;92;92;92;92;92;92;92;92;92;92;92;92;92;92;92;92;92;92;92;92;92;92;92;92;92;92;92;92;92;92;92;92;92;92;92;92;92;92;92;92;92;92;92;92;92;92;92;92;92;92;92;92;92;92;92;92;92;92;92;92;92;92;92;92;92;92;92;92;92;92;92;92;92;92;92;92;92;92;92;92;92;92;92;"Operador Relacional RD";"OPR3"
56;92;92;92;92;92;92;92;92;57;92;92;92;92;92;92;92;58;92;92;92;92;92;92;92;92;92;92;92;92;92;92;92;92;92;57;92;92;92;92;92;92;92;58;92;92;92;92;92;92;92;92;92;92;92;92;92;92;92;92;92;92;92;92;92;92;92;92;92;92;92;92;92;92;92;92;92;92;92;92;92;92;92;92;92;"Operador Relacional RI";"OPR4"
57;92;92;92;92;92;92;92;92;92;92;92;92;92;92;92;92;92;92;92;92;92;92;92;92;92;92;92;92;92;92;92;92;92;92;92;92;92;92;92;92;92;92;92;92;92;92;92;92;92;92;92;92;92;92;92;92;92;92;92;92;92;92;92;92;92;92;92;92;92;92;92;92;92;92;92;92;92;92;92;92;92;92;92;92;"Operador Relacional RII";"OPR5"
58;92;92;92;92;92;92;92;92;92;92;92;92;92;92;92;92;92;92;92;92;92;92;92;92;92;92;92;92;92;92;92;92;92;92;92;92;92;92;92;92;92;92;92;92;92;92;92;92;92;92;92;92;92;92;92;92;92;92;92;92;92;92;92;92;92;92;92;92;92;92;92;92;92;92;92;92;92;92;92;92;92;92;92;92;"Operador Relacional RIQ";"OPR6"
59;92;92;92;92;60;92;92;92;92;92;64;92;92;92;92;92;92;92;92;92;92;92;92;61;92;92;92;92;92;92;60;92;92;92;92;92;64;92;92;92;92;92;92;92;92;92;92;92;92;61;92;92;92;92;92;92;92;92;92;92;92;92;92;92;92;92;92;92;92;92;92;92;92;92;92;92;92;92;92;92;92;92;92;92;"Error";"FAIL"
60;92;92;92;92;92;92;92;92;92;92;92;92;92;92;92;92;92;92;92;92;92;92;92;92;92;92;92;92;92;92;92;92;92;92;92;92;92;92;92;92;92;92;92;92;92;92;92;92;92;92;92;92;92;92;92;92;92;92;92;92;92;92;92;92;92;92;92;92;92;92;92;92;92;92;92;92;92;92;92;92;92;92;92;92;"Palabra Reservada SE";"PR21"
61;62;92;92;92;92;92;92;92;92;92;92;92;92;63;92;92;92;92;92;92;92;92;92;92;92;92;62;92;92;92;92;92;92;92;92;92;92;92;92;63;92;92;92;92;92;92;92;92;92;92;92;92;92;92;92;92;92;92;92;92;92;92;92;92;92;92;92;92;92;92;92;92;92;92;92;92;92;92;92;92;92;92;92;92;"Error";"FAIL"
62;92;92;92;92;92;92;92;92;92;92;92;92;92;92;92;92;92;92;92;92;92;92;92;92;92;92;92;92;92;92;92;92;92;92;92;92;92;92;92;92;92;92;92;92;92;92;92;92;92;92;92;92;92;92;92;92;92;92;92;92;92;92;92;92;92;92;92;92;92;92;92;92;92;92;92;92;92;92;92;92;92;92;92;92;"Palabra Reservada SXA";"PR22"
63;92;92;92;92;92;92;92;92;92;92;92;92;92;92;92;92;92;92;92;92;92;92;92;92;92;92;92;92;92;92;92;92;92;92;92;92;92;92;92;92;92;92;92;92;92;92;92;92;92;92;92;92;92;92;92;92;92;92;92;92;92;92;92;92;92;92;92;92;92;92;92;92;92;92;92;92;92;92;92;92;92;92;92;92;"Palabra Reservada SXN";"PR23"
64;92;92;92;92;92;92;92;92;92;92;92;92;92;92;92;92;92;65;92;92;92;92;92;92;92;92;92;92;92;92;92;92;92;92;92;92;92;92;92;92;92;92;92;65;92;92;92;92;92;92;92;92;92;92;92;92;92;92;92;92;92;92;92;92;92;92;92;92;92;92;92;92;92;92;92;92;92;92;92;92;92;92;92;92;"Error";"FAIL"
65;92;92;92;92;92;92;92;92;92;92;92;92;92;92;92;92;92;92;92;92;92;92;92;92;92;92;92;92;92;92;92;92;92;92;92;92;92;92;92;92;92;92;92;92;92;92;92;92;92;92;92;92;92;92;92;92;92;92;92;92;92;92;92;92;92;92;92;92;92;92;92;92;92;92;92;92;92;92;92;92;92;92;92;92;"Palabra Reservada SKR";"PR24"
66;92;92;92;92;67;92;92;92;92;92;92;92;92;92;92;92;92;92;92;92;92;92;92;92;92;92;92;92;92;92;67;92;92;92;92;92;92;92;92;92;92;92;92;92;92;92;92;92;92;92;92;92;92;92;92;92;92;92;92;92;92;92;92;92;92;92;92;92;92;92;92;92;92;92;92;92;92;92;92;92;92;92;92;92;"Error";"FAIL"
67;92;92;92;92;92;92;92;92;92;92;92;92;92;92;92;92;92;68;92;92;92;92;92;92;92;92;92;92;92;92;92;92;92;92;92;92;92;92;92;92;92;92;92;68;92;92;92;92;92;92;92;92;92;92;92;92;92;92;92;92;92;92;92;92;92;92;92;92;92;92;92;92;92;92;92;92;92;92;92;92;92;92;92;92;"Error";"FAIL"
68;69;92;92;92;92;92;92;92;92;92;92;92;92;92;92;92;92;92;92;92;92;92;92;92;92;92;69;92;92;92;92;92;92;92;92;92;92;92;92;92;92;92;92;92;92;92;92;92;92;92;92;92;92;92;92;92;92;92;92;92;92;92;92;92;92;92;92;92;92;92;92;92;92;92;92;92;92;92;92;92;92;92;92;92;"Error";"FAIL"
69;92;92;92;92;92;92;92;92;92;92;92;92;92;92;92;92;92;92;92;92;92;92;92;92;92;92;92;92;92;92;92;92;92;92;92;92;92;92;92;92;92;92;92;92;92;92;92;92;92;92;92;92;92;92;92;92;92;92;92;92;92;92;92;92;92;92;92;92;92;92;92;92;92;92;92;92;92;92;92;92;92;92;92;92;"Palabra Reservada VERA ";"PR25"
70;92;92;92;92;92;92;92;92;92;92;92;92;92;92;92;92;92;92;92;92;92;92;92;92;92;92;92;92;92;92;92;92;92;92;92;92;92;92;92;92;92;92;92;92;92;92;92;92;92;92;92;92;92;92;92;92;92;92;92;92;92;92;70;92;92;92;92;92;92;92;92;92;92;92;92;92;92;92;92;92;92;92;92;92;"Operador Aritmetico +";"OPSM"
71;92;92;92;92;92;92;92;92;92;92;92;92;92;92;92;92;92;92;92;92;92;92;92;92;92;92;92;92;92;92;92;92;92;92;92;92;92;92;92;92;92;92;92;92;92;92;92;92;92;92;92;92;71;71;71;71;71;71;71;71;71;71;92;92;92;92;92;92;92;92;92;92;92;92;92;92;72;92;92;92;92;92;92;92;"Constante numerica Entera";"CONE"
72;92;92;92;92;92;92;92;92;92;92;92;92;92;92;92;92;92;92;92;92;92;92;92;92;92;92;92;92;92;92;92;92;92;92;92;92;92;92;92;92;92;92;92;92;92;92;92;92;92;92;92;92;73;73;73;73;73;73;73;73;73;73;92;92;92;92;92;92;92;92;92;92;92;92;92;92;92;92;92;92;92;92;92;92;"Error";"FAIL"
73;92;92;92;92;92;92;92;92;92;92;92;92;92;92;92;92;92;92;92;92;92;92;92;92;92;92;92;92;92;92;92;92;92;92;92;92;92;92;92;92;92;92;92;92;92;92;92;92;92;92;92;92;73;73;73;73;73;73;73;73;73;73;92;92;92;92;92;92;92;92;92;92;92;92;92;92;92;92;92;92;92;92;92;92;"Constante numerica Real";"CONR"
74;92;92;92;92;92;92;92;92;92;92;92;92;92;92;92;92;92;92;92;92;92;92;92;92;92;92;92;92;92;92;92;92;92;92;92;92;92;92;92;92;92;92;92;92;92;92;92;92;92;92;92;92;71;71;71;71;71;71;71;71;71;71;92;74;92;92;92;92;92;92;92;92;92;92;92;92;92;92;92;92;92;92;92;92;"Operador Aritmetico -";"OPRS"
75;92;92;92;92;92;92;92;92;92;92;92;92;92;92;92;92;92;92;92;92;92;92;92;92;92;92;92;92;92;92;92;92;92;92;92;92;92;92;92;92;92;92;92;92;92;92;92;92;92;92;92;92;92;92;92;92;92;92;92;92;92;92;92;92;92;92;92;92;92;92;92;92;92;92;92;92;92;92;92;92;92;92;92;92;"Operador Aritmetico *";"OPML"
76;92;92;92;92;92;92;92;92;92;92;92;92;92;92;92;92;92;92;92;92;92;92;92;92;92;92;92;92;92;92;92;92;92;92;92;92;92;92;92;92;92;92;92;92;92;92;92;92;92;92;92;92;92;92;92;92;92;92;92;92;92;92;92;92;92;92;92;92;92;92;92;92;92;92;92;92;92;92;92;92;92;92;92;92;"Operador Aritmetico /";"OPDV"
77;78;78;78;78;78;78;78;78;78;78;78;78;78;78;78;78;78;78;78;78;78;78;78;78;78;78;78;78;78;78;78;78;78;78;78;78;78;78;78;78;78;78;78;78;78;78;78;78;78;78;78;78;92;92;92;92;92;92;92;92;92;92;92;92;92;92;92;92;92;92;92;92;92;92;92;92;92;92;92;92;92;92;92;92;"Carácter especial _";"CEX_"
78;78;78;78;78;78;78;78;78;78;78;78;78;78;78;78;78;78;78;78;78;78;78;78;78;78;78;78;78;78;78;78;78;78;78;78;78;78;78;78;78;78;78;78;78;78;78;78;78;78;78;78;78;78;78;78;78;78;78;78;78;78;78;92;92;92;92;92;92;92;107;92;92;92;108;92;92;109;92;92;92;92;92;92;92;"Identificador";"IDEN"
79;92;92;92;92;92;92;92;92;92;92;92;92;92;92;92;92;92;92;92;92;92;92;92;92;92;92;92;92;92;92;92;92;92;92;92;92;92;92;92;92;92;92;92;92;92;92;92;92;92;92;92;92;80;92;92;92;92;92;92;92;92;92;92;92;92;92;92;92;92;92;92;92;92;92;92;79;92;92;92;92;92;92;92;92;"Carácter especial :";"CEX:"
80;80;80;80;80;80;80;80;80;80;80;80;80;80;80;80;80;80;80;80;80;80;80;80;80;80;80;80;80;80;80;80;80;80;80;80;80;80;80;80;80;80;80;80;80;80;80;80;80;80;80;80;80;81;80;80;80;80;80;80;80;80;80;80;80;80;80;80;80;80;80;80;80;80;80;80;80;80;80;80;80;80;80;80;80;"Error";"FAIL"
81;93;93;93;93;93;93;93;93;93;93;93;93;93;93;93;93;93;93;93;93;93;93;93;93;93;93;93;93;93;93;93;93;93;93;93;93;93;93;93;93;93;93;93;93;93;93;93;93;93;93;93;93;81;93;93;93;93;93;93;93;93;93;93;93;93;93;93;93;93;93;93;93;93;93;93;82;93;93;93;93;93;93;93;93;"Error";"FAIL"
82;92;92;92;92;92;92;92;92;92;92;92;92;92;92;92;92;92;92;92;92;92;92;92;92;92;92;92;92;92;92;92;92;92;92;92;92;92;92;92;92;92;92;92;92;92;92;92;92;92;92;92;92;92;92;92;92;92;92;92;92;92;92;92;92;92;92;92;92;92;92;92;92;92;92;92;92;92;92;92;92;92;92;92;92;"Comentario";"COMS"
83;83;83;83;83;83;83;83;83;83;83;83;83;83;83;83;83;83;83;83;83;83;83;83;83;83;83;83;83;83;83;83;83;83;83;83;83;83;83;83;83;83;83;83;83;83;83;83;83;83;83;83;83;83;83;83;83;83;83;83;83;83;83;83;83;83;83;83;83;83;83;83;83;83;83;83;83;83;83;83;84;83;83;83;83;"Carácter especial """"";"CEX"""""
84;92;92;92;92;92;92;92;92;92;92;92;92;92;92;92;92;92;92;92;92;92;92;92;92;92;92;92;92;92;92;92;92;92;92;92;92;92;92;92;92;92;92;92;92;92;92;92;92;92;92;92;92;92;92;92;92;92;92;92;92;92;92;92;92;92;92;92;92;92;92;92;92;92;92;92;92;92;92;92;92;92;92;92;92;"Cadena";"CDNA"
85;86;86;86;86;86;86;86;86;86;86;86;86;86;86;86;86;86;86;86;86;86;86;86;86;86;86;86;86;86;86;86;86;86;86;86;86;86;86;86;86;86;86;86;86;86;86;86;86;86;86;86;86;86;86;86;86;86;86;86;86;86;86;86;86;86;86;86;86;86;86;86;86;86;86;86;86;86;86;86;86;86;92;86;86;"Caracter especial '";"CEX'"
86;92;92;92;92;92;92;92;92;92;92;92;92;92;92;92;92;92;92;92;92;92;92;92;92;92;92;92;92;92;92;92;92;92;92;92;92;92;92;92;92;92;92;92;92;92;92;92;92;92;92;92;92;92;92;92;92;92;92;92;92;92;92;92;92;92;92;92;92;92;92;92;92;92;92;92;92;92;92;87;92;92;92;92;92;"Error";"FAIL"
87;92;92;92;92;92;92;92;92;92;92;92;92;92;92;92;92;92;92;92;92;92;92;92;92;92;92;92;92;92;92;92;92;92;92;92;92;92;92;92;92;92;92;92;92;92;92;92;92;92;92;92;92;92;92;92;92;92;92;92;92;92;92;92;92;92;92;92;92;92;92;92;92;92;92;92;92;92;92;92;92;92;92;92;92;"Caracter";"CRTR"
88;92;92;92;92;92;92;92;92;92;92;92;92;92;92;92;92;92;92;92;92;92;92;92;92;92;92;92;92;92;92;92;92;92;92;92;92;92;92;92;92;92;92;92;92;92;92;92;92;92;92;92;92;92;92;92;92;92;92;92;92;92;92;92;92;92;92;92;92;92;92;92;92;92;92;92;92;92;92;92;92;92;92;92;92;"Operador Aritmetico ^";"OPEX"
89;92;92;92;92;92;92;92;92;92;92;92;92;92;92;92;92;92;92;92;92;92;92;92;92;92;92;92;92;92;92;92;92;92;92;92;92;92;92;92;92;92;92;92;92;92;92;92;92;92;92;92;92;92;92;92;92;92;92;92;92;92;92;92;92;92;92;92;92;92;92;92;92;92;92;92;92;92;92;92;92;92;92;92;92;"Asignacion";"ASIG"
90;92;92;92;92;92;92;92;92;92;92;92;92;92;92;92;92;92;92;92;92;92;92;92;92;92;92;92;92;92;92;92;92;92;92;92;92;92;92;92;92;92;92;92;92;92;92;92;92;92;92;92;92;92;92;92;92;92;92;92;92;92;92;92;92;92;92;92;92;92;92;92;92;92;92;92;92;92;92;92;92;92;92;91;92;"Inicio";"INIS"
91;92;92;92;92;92;92;92;92;92;92;92;92;92;92;92;92;92;92;92;92;92;92;92;92;92;92;92;92;92;92;92;92;92;92;92;92;92;92;92;92;92;92;92;92;92;92;92;92;92;92;92;92;92;92;92;92;92;92;92;92;92;92;92;92;92;92;92;92;92;92;92;92;92;92;92;92;92;92;92;92;92;92;92;92;"Fin";"FIIN"
92;92;92;92;92;92;92;92;92;92;92;92;92;92;92;92;92;92;92;92;92;92;92;92;92;92;92;92;92;92;92;92;92;92;92;92;92;92;92;92;92;92;92;92;92;92;92;92;92;92;92;92;92;92;92;92;92;92;92;92;92;92;92;92;92;92;92;92;92;92;92;92;92;92;92;92;92;92;92;92;92;92;92;92;92;"Error";"FAIL"
93;80;80;80;80;80;80;80;80;80;80;80;80;80;80;80;80;80;80;80;80;80;80;80;80;80;80;80;80;80;80;80;80;80;80;80;80;80;80;80;80;80;80;80;80;80;80;80;80;80;80;80;80;80;80;80;80;80;80;80;80;80;80;80;80;80;80;80;80;80;80;80;80;80;80;80;80;80;80;80;80;80;92;80;80;"Error";"FAIL"
94;92;92;92;92;92;92;92;92;92;92;92;92;92;92;92;92;92;92;92;92;92;92;92;92;92;92;92;92;92;92;92;92;92;92;92;92;92;92;92;92;92;92;92;92;92;92;92;92;92;92;92;92;92;92;92;92;92;92;92;92;92;92;92;92;92;92;92;92;92;92;92;92;92;92;92;92;92;92;92;92;92;92;92;92;"Carácter especial (";"CEX("
95;92;92;92;92;92;92;92;92;92;92;92;92;92;92;92;92;92;92;92;92;92;92;92;92;92;92;92;92;92;92;92;92;92;92;92;92;92;92;92;92;92;92;92;92;92;92;92;92;92;92;92;92;92;92;92;92;92;92;92;92;92;92;92;92;92;92;92;92;92;92;92;92;92;92;92;92;92;92;92;92;92;92;92;92;"Carácter especial )";"CEX)"
96;92;92;92;92;92;92;92;92;92;92;92;92;92;92;92;92;92;92;92;92;92;92;92;92;92;92;92;92;92;92;92;92;92;92;92;92;92;92;92;92;92;92;92;92;92;92;92;92;92;92;92;92;92;92;92;92;92;92;92;92;92;92;92;92;92;92;92;92;92;92;92;92;92;92;92;92;92;92;92;92;92;92;92;92;"Carácter especial {";"CEX{"
97;92;92;92;92;92;92;92;92;92;92;92;92;92;92;92;92;92;92;92;92;92;92;92;92;92;92;92;92;92;92;92;92;92;92;92;92;92;92;92;92;92;92;92;92;92;92;92;92;92;92;92;92;92;92;92;92;92;92;92;92;92;92;92;92;92;92;92;92;92;92;92;92;92;92;92;92;92;92;92;92;92;92;92;92;"Carácter especial }";"CEX}"
98;92;92;92;92;92;92;92;92;92;92;92;92;92;92;92;92;92;92;92;92;92;92;92;92;92;92;92;92;92;92;92;92;92;92;92;92;92;92;92;92;92;92;92;92;92;92;92;92;92;92;92;92;92;92;92;92;92;92;92;92;92;92;92;92;92;92;92;92;92;92;92;92;92;92;92;92;92;92;92;92;92;92;92;92;"Carácter especial [";"CEX["
99;92;92;92;92;92;92;92;92;92;92;92;92;92;92;92;92;92;92;92;92;92;92;92;92;92;92;92;92;92;92;92;92;92;92;92;92;92;92;92;92;92;92;92;92;92;92;92;92;92;92;92;92;92;92;92;92;92;92;92;92;92;92;92;92;92;92;92;92;92;92;92;92;92;92;92;92;92;92;92;92;92;92;92;92;"Carácter especial ]";"CEX]"
100;92;92;92;92;92;92;92;92;92;92;92;92;92;92;92;92;92;92;92;92;92;92;92;92;92;92;92;92;92;92;92;92;92;92;92;92;92;92;92;92;92;92;92;92;92;92;92;92;92;92;92;92;92;92;92;92;92;92;92;92;92;92;92;92;92;92;92;92;92;92;92;92;92;92;92;92;92;92;92;92;92;92;92;92;"Carácter especial .";"CEX."
101;92;92;92;92;92;92;92;92;92;92;92;92;92;92;92;92;92;92;92;92;92;92;92;92;92;92;92;92;92;92;92;92;92;92;92;92;92;92;92;92;92;92;92;92;92;92;92;92;92;92;92;92;92;92;92;92;92;92;92;92;92;92;92;92;92;92;92;92;92;92;92;92;92;92;92;92;92;92;92;92;92;92;92;92;"Carácter especial ,";"CEX,"
102;92;92;92;92;92;92;92;92;92;92;92;92;92;92;92;92;92;92;92;92;92;92;92;92;92;92;92;92;92;92;92;92;92;92;92;92;92;92;92;92;92;92;92;92;92;92;92;92;92;92;92;92;92;92;92;92;92;92;92;92;92;92;92;92;92;92;92;92;92;92;92;92;92;92;92;92;92;92;92;92;92;92;92;92;"Carácter especial ";"CEXX"
103;92;92;92;92;92;92;92;92;92;92;92;92;92;92;92;92;92;92;92;92;92;92;92;104;92;92;92;92;92;92;92;92;92;92;92;92;92;92;92;92;92;92;92;92;92;92;92;92;92;104;92;92;92;92;92;92;92;92;92;92;92;92;92;92;92;92;92;92;92;92;92;92;92;92;92;92;92;92;92;92;92;92;92;92;"Error";"FAIL"
104;92;92;92;92;92;105;92;92;92;92;92;92;92;92;92;92;92;92;92;92;92;92;92;92;92;92;92;92;92;92;92;105;92;92;92;92;92;92;92;92;92;92;92;92;92;92;92;92;92;92;92;92;92;92;92;92;92;92;92;92;92;92;92;92;92;92;92;92;92;92;92;92;92;92;92;92;92;92;92;92;92;92;92;92;"Error";"FAIL"
105;106;92;92;92;92;92;92;92;92;92;92;92;92;92;92;92;92;92;92;92;92;92;92;92;92;92;106;92;92;92;92;92;92;92;92;92;92;92;92;92;92;92;92;92;92;92;92;92;92;92;92;92;92;92;92;92;92;92;92;92;92;92;92;92;92;92;92;92;92;92;92;92;92;92;92;92;92;92;92;92;92;92;92;92;"Error";"FAIL"
106;92;92;92;92;92;92;92;92;92;92;92;92;92;92;92;92;92;92;92;92;92;92;92;92;92;92;92;92;92;92;92;92;92;92;92;92;92;92;92;92;92;92;92;92;92;92;92;92;92;92;92;92;92;92;92;92;92;92;92;92;92;92;92;92;92;92;92;92;92;92;92;92;92;92;92;92;92;92;92;92;92;92;92;92;"Palabra reservada CXFA";"PR26"
107;92;92;92;92;92;92;92;92;92;92;92;92;92;92;92;92;92;92;92;92;92;92;92;92;92;92;92;92;92;92;92;92;92;92;92;92;92;92;92;92;92;92;92;92;92;92;92;92;92;92;92;92;92;92;92;92;92;92;92;92;92;92;92;92;92;92;92;92;92;92;92;92;92;92;92;92;92;92;92;92;92;92;92;92;"Metodo";"MTDX"
108;92;92;92;92;92;92;92;92;92;92;92;92;92;92;92;92;92;92;92;92;92;92;92;92;92;92;92;92;92;92;92;92;92;92;92;92;92;92;92;92;92;92;92;92;92;92;92;92;92;92;92;92;92;92;92;92;92;92;92;92;92;92;92;92;92;92;92;92;92;92;92;92;92;92;92;92;92;92;92;92;92;92;92;92;"Array";"ARRY"
109;92;92;92;92;92;92;92;92;92;92;92;92;92;92;92;92;92;92;92;92;92;92;92;92;92;92;92;92;92;92;92;92;92;92;92;92;92;92;92;92;92;92;92;92;92;92;92;92;92;92;92;92;92;92;92;92;92;92;92;92;92;92;92;92;92;92;92;92;110;92;92;92;92;92;92;92;92;92;92;92;92;92;92;92;"Error";"FAIL"
110;111;111;111;111;111;111;111;111;111;111;111;111;111;111;111;111;111;111;111;111;111;111;111;111;111;111;111;111;111;111;111;111;111;111;111;111;111;111;111;111;111;111;111;111;111;111;111;111;111;111;111;111;92;92;92;92;92;92;92;92;92;92;92;92;92;92;92;92;92;92;92;92;92;92;92;92;92;92;92;92;92;92;92;92;"Error";"FAIL"
111;111;111;111;111;111;111;111;111;111;111;111;111;111;111;111;111;111;111;111;111;111;111;111;111;111;111;111;111;111;111;111;111;111;111;111;111;111;111;111;111;111;111;111;111;111;111;111;111;111;111;111;111;92;92;92;92;92;92;92;92;92;92;92;92;92;92;92;92;92;112;92;92;92;113;92;92;92;92;92;92;92;92;92;92;"IDEN clase campo";"IDCC"
112;92;92;92;92;92;92;92;92;92;92;92;92;92;92;92;92;92;92;92;92;92;92;92;92;92;92;92;92;92;92;92;92;92;92;92;92;92;92;92;92;92;92;92;92;92;92;92;92;92;92;92;92;92;92;92;92;92;92;92;92;92;92;92;92;92;92;92;92;92;92;92;92;92;92;92;92;92;92;92;92;92;92;92;92;"IDEN clase metodo";"IDCM"
113;92;92;92;92;92;92;92;92;92;92;92;92;92;92;92;92;92;92;92;92;92;92;92;92;92;92;92;92;92;92;92;92;92;92;92;92;92;92;92;92;92;92;92;92;92;92;92;92;92;92;92;92;92;92;92;92;92;92;92;92;92;92;92;92;92;92;92;92;92;92;92;92;92;92;92;92;92;92;92;92;92;92;92;92;"IDEN clase Array";"IDCA"
114;92;92;92;92;92;92;92;92;92;92;92;92;92;92;92;115;92;92;92;92;92;92;92;92;92;92;92;92;92;92;92;92;92;92;92;92;92;92;92;92;92;115;92;92;92;92;92;92;92;92;92;92;92;92;92;92;92;92;92;92;92;92;92;92;92;92;92;92;92;92;92;92;92;92;92;92;92;92;92;92;92;92;92;92;"Fail";"FAIL"
115;92;92;92;92;92;92;92;92;92;92;92;92;92;92;92;92;92;92;92;92;92;92;92;92;92;92;92;92;92;92;92;92;92;92;92;92;92;92;92;92;92;92;92;92;92;92;92;92;92;92;92;92;92;92;92;92;92;92;92;92;92;92;92;92;92;92;92;92;92;92;92;92;92;92;92;92;92;92;92;92;92;92;92;92;"Palabra reservada MLP";"PR27"
